{
  "threshold": 0.48,
  "accuracy": 0.7288444703822585,
  "mae_label": 0.2711555296177415
}