{
  "threshold": 0.53,
  "accuracy": 0.7394222351911293,
  "mae_label": 0.26057776480887074
}